Topic 0,Topic 1,Topic 2,Topic 3,Topic 4,Topic 5,Topic 6,Topic 7,Topic 8,Topic 9
spaceflight,arabidopsis,spaceflight,spaceflight,muscle,spaceflight,spaceflight,bone,space,space
arabidopsis,space,calcium,arabidopsis,skeletal,microgravity,mice,mice,stem,international
thaliana,protein,space,microbial,signaling,simulated,bone,microgravity,human,station
analysis,response,mouse,analysis,mice,plant,effects,plants,cell,isolated
space,drosophila,arabidopsis,transcriptome,radiation,rna,omics,signaling,data,genome
response,gravity,effects,microbiome,gravity,adaptation,skeletal,spaceflight,cells,draft
protein,thaliana,stress,growth,age,seq,exploration,tissue,science,sequences
proteomic,novel,signaling,space,bone,expression,stress,expression,open,characterization
plants,network,radiation,gene,cell,gene,repertoire,changes,plant,strains
responses,health,reveals,retina,mechanical,alters,induced,gene,spaceflight,resistance
